"Txhash","Blockno","UnixTimestamp","DateTime","From","To","ContractAddress","Value_IN(ETH)","Value_OUT(ETH)","CurrentValue @ $0/Eth","TxnFee(ETH)","TxnFee(USD)","Historical $Price/Eth","Status","ErrCode","Method"
"0x865235b3944a870ca07200aa5e7860ec4a6c9b5e58f82547befd05d1ba14e85d","10533286","1650398964","2022-04-19 20:09:24","0x847c34b56c0203a193d3cd3b96b8915c044fffc7","","0x72841fb0ed04b838c285027c9e1bb1b3ef98c156","0","0","0","0.004624920016649712","0","","","","0x60806040",""
"0xe8f75f3de251d578dcd3c6c100871abc652b20dbfc56119bcc73f9ed6a7bf9bc","10533345","1650399850","2022-04-19 20:24:10","0x847c34b56c0203a193d3cd3b96b8915c044fffc7","0x72841fb0ed04b838c285027c9e1bb1b3ef98c156","","0","0","0","0.000114132500502183","0","","","","Start Election",""
"0x3bff3909b163d54365b790ff437376bc06a6179483547f9b33fa12f99e966a1e","10541176","1650518063","2022-04-21 05:14:23","0x847c34b56c0203a193d3cd3b96b8915c044fffc7","0x72841fb0ed04b838c285027c9e1bb1b3ef98c156","","0","0","0","0.000059217500213183","0","","","","End Election",""
"0xfe75646c7f6fc5c41665eef52f5e8f6710a7dcf6a49a82942d324e48551c7683","10541182","1650518155","2022-04-21 05:15:55","0x847c34b56c0203a193d3cd3b96b8915c044fffc7","0x72841fb0ed04b838c285027c9e1bb1b3ef98c156","","0","0","0","0.000244810000881316","0","","","","Add Candidate",""
"0x408eff0b587878cda7559b8837f06104dd9fe673263ecfc5c4fe76e3df0228d4","10541185","1650518200","2022-04-21 05:16:40","0x847c34b56c0203a193d3cd3b96b8915c044fffc7","0x72841fb0ed04b838c285027c9e1bb1b3ef98c156","","0","0","0","0.000251720000906192","0","","","","Add Candidate",""
"0xdccf4cabdcb3bf6df2884db467fd566f06856577eada2834c6aeb8355f740b40","10541194","1650518338","2022-04-21 05:18:58","0x847c34b56c0203a193d3cd3b96b8915c044fffc7","0x72841fb0ed04b838c285027c9e1bb1b3ef98c156","","0","0","0","0.00029126500116506","0","","","","0xfe6b946e",""
"0xf78186ba0b1ff219529a7ec23943e1bf2f697da32b29ad4bc92707bf0cb10ea4","10541198","1650518398","2022-04-21 05:19:58","0x847c34b56c0203a193d3cd3b96b8915c044fffc7","0x72841fb0ed04b838c285027c9e1bb1b3ef98c156","","0","0","0","0.00024827500089379","0","","","","0xfe6b946e",""
"0xd7e42e5ec419b7c8f810c9aecfee99ff815fd8d644e2ff8686a52ef07eb191e3","10541200","1650518428","2022-04-21 05:20:28","0x847c34b56c0203a193d3cd3b96b8915c044fffc7","0x72841fb0ed04b838c285027c9e1bb1b3ef98c156","","0","0","0","0.000114132500410877","0","","","","Start Election",""
"0xf5aad1207a8fd76f981a68305bdb5b96cb1650c73f8411a6e9d3dc0f947aebcb","10541204","1650518488","2022-04-21 05:21:28","0x3794e29d2533826f786690198497ba221b5d33fe","0x72841fb0ed04b838c285027c9e1bb1b3ef98c156","","0","0","0","0.000188082500677097","0","","","","Reject",""
"0x4419590170113d37e9dbdf4a1ba7e448f899c1a4d732ed8ab7f8dfea470d3ac3","10541250","1650519181","2022-04-21 05:33:01","0x847c34b56c0203a193d3cd3b96b8915c044fffc7","0x72841fb0ed04b838c285027c9e1bb1b3ef98c156","","0","0","0","0.00024842500109307","0","","","","0xfe6b946e",""
"0x4aa17ad58dc1fc74ad70ec286a433cab9a9cdc4865e208c6261f003bc3687ac1","10541258","1650519302","2022-04-21 05:35:02","0x847c34b56c0203a193d3cd3b96b8915c044fffc7","0x72841fb0ed04b838c285027c9e1bb1b3ef98c156","","0","0","0","0.00024815500099262","0","","","","0xfe6b946e",""
"0xeac590e7a07cf6733303481da346e44dcdfcf26a5b7475dd95a4c7ea7ef7e603","10541270","1650519482","2022-04-21 05:38:02","0xba31fa144964528e966bdb7d9cee9c3bdc06ac81","0x72841fb0ed04b838c285027c9e1bb1b3ef98c156","","0","0","0","0.000145927500525339","0","","","","Vote",""
"0x584a05824bb0ba19be7120b934f2f6a6ca2b79b2ce467bab5c1a7e3a0c9c01f2","10541282","1650519662","2022-04-21 05:41:02","0x315982bdb47e13f67996fce068af7b5fc1f81891","0x72841fb0ed04b838c285027c9e1bb1b3ef98c156","","0","0","0","0.000103177500371439","0","","","","Vote",""
"0x8307e09c471c1fa8b024163924ae88f7e4f565dec7bfb7741f1e7cf2fb2f6ca5","10541632","1650524928","2022-04-21 07:08:48","0x847c34b56c0203a193d3cd3b96b8915c044fffc7","0x72841fb0ed04b838c285027c9e1bb1b3ef98c156","","0","0","0","0.000110310000838356","0","","","","0xfe6b946e",""
"0x4460afd3baac80de07ceb098a4f01231eab238fc3f06a2d176a952292ce362bf","10541635","1650524973","2022-04-21 07:09:33","0x88b0e8357517e13b1fd4f07ad631d1855b3242f8","0x72841fb0ed04b838c285027c9e1bb1b3ef98c156","","0","0","0","0.000145442501105363","0","","","","Abstain",""
"0xc64def16a98e56aa8e916852a570813fcfa75a52a0fa03a3503b13b3e49421bc","10541676","1650525589","2022-04-21 07:19:49","0x847c34b56c0203a193d3cd3b96b8915c044fffc7","0x72841fb0ed04b838c285027c9e1bb1b3ef98c156","","0","0","0","0.000248635001392356","0","","","","0xfe6b946e",""
"0xdcaed4af30bf4d29627f94345e9f518c6749e12088cd77f1c929f86904648137","10541686","1650525739","2022-04-21 07:22:19","0x847c34b56c0203a193d3cd3b96b8915c044fffc7","0x72841fb0ed04b838c285027c9e1bb1b3ef98c156","","0","0","0","0.000248335001192008","0","","","","0xfe6b946e",""
"0xfe3a64c3c0f1c0a665ccdfd94f04e8aa4ab378404b0d612779424dfa2949ae11","10541696","1650525890","2022-04-21 07:24:50","0x1f4f3ff0a21600800b7af6bc7cebf0f348014bf4","0x72841fb0ed04b838c285027c9e1bb1b3ef98c156","","0","0","0","0.000145957500700596","0","","","","Vote",""
"0x0a5c131aa72adc00e3f97a0a8f011efccbf51890b120f93e8dadc1ddf1d5c2cf","10541699","1650525935","2022-04-21 07:25:35","0xddc07ba46e3d34d0198d61782d3be1255c9c767c","0x72841fb0ed04b838c285027c9e1bb1b3ef98c156","","0","0","0","0.000103207500454113","0","","","","Vote",""
"0xada2d783088bae3c149f66ab4a861df1dac464a771d2b34a84afb3896b70bea4","10541741","1650526565","2022-04-21 07:36:05","0x847c34b56c0203a193d3cd3b96b8915c044fffc7","0x72841fb0ed04b838c285027c9e1bb1b3ef98c156","","0","0","0","0.000248845001194456","0","","","","0xfe6b946e",""
"0x44cf209d9c46eb81cc9b475501d1b5695026656c83532a1e1a3fdec88e7b663f","10541754","1650526760","2022-04-21 07:39:20","0x12d366e969dcb97ef8887a4570a737d67e4db52a","0x72841fb0ed04b838c285027c9e1bb1b3ef98c156","","0","0","0","0.000102582500697561","0","","","","Reject",""
"0xe1a0856ea8e4c13559ab3c46f03f5f82f4ffb4bdbecd8000b01482a5451056ec","10541773","1650527045","2022-04-21 07:44:05","0x847c34b56c0203a193d3cd3b96b8915c044fffc7","0x72841fb0ed04b838c285027c9e1bb1b3ef98c156","","0","0","0","0.00024827500208551","0","","","","0xfe6b946e",""
"0x84d1944d2b6f6a6fc1e61b177b7eae04048c5e226f2153d897bf6e7d4af39d75","10541780","1650527150","2022-04-21 07:45:50","0xababc26bd6d76fc6dd452188f3b4be60aeb443b8","0x72841fb0ed04b838c285027c9e1bb1b3ef98c156","","0","0","0","0.000103177501073046","0","","","","Vote",""
"0x8755400f1a0027f1e6a158bfe153c5942ed56d47ebf46f164d5a21c47ff21a3f","10541835","1650527977","2022-04-21 07:59:37","0x847c34b56c0203a193d3cd3b96b8915c044fffc7","0x72841fb0ed04b838c285027c9e1bb1b3ef98c156","","0","0","0","0.000248365001589536","0","","","","0xfe6b946e",""
"0x821c3a0a9c8d76ce74b971708a7bb94dc29d5e8badaf958f12a7ff62f863df2b","10541840","1650528052","2022-04-21 08:00:52","0x24d2e72774b146819277e5ca34416b655f486d50","0x72841fb0ed04b838c285027c9e1bb1b3ef98c156","","0","0","0","0.000103207500660528","0","","","","Vote",""
"0x1a9026ceb13ecf735f0b42538d3db0a17805438a355857afc15f5e54f9691174","10541929","1650529390","2022-04-21 08:23:10","0x847c34b56c0203a193d3cd3b96b8915c044fffc7","0x72841fb0ed04b838c285027c9e1bb1b3ef98c156","","0","0","0","0.000248305001390508","0","","","","0xfe6b946e",""
"0x335e2902bbde0ebb95ab2967f5acdf026a85d1a90efa763ebb63363ad0ba4fb7","10541958","1650529825","2022-04-21 08:30:25","0x814b97e7ca13a5df765929845d4b93f86cd3d12c","0x72841fb0ed04b838c285027c9e1bb1b3ef98c156","","0","0","0","0.000103207500660528","0","","","","Vote",""
"0x9d2d987d628c6e7d65e63238e3322196d8a3291b27fa86c19e92b5825bee60b4","10541998","1650530428","2022-04-21 08:40:28","0x847c34b56c0203a193d3cd3b96b8915c044fffc7","0x72841fb0ed04b838c285027c9e1bb1b3ef98c156","","0","0","0","0.00024863500348089","0","","","","0xfe6b946e",""
"0xa76adf469ff3e809ca12eb53d9ed56ff580a17b63da8f45a4d1e2fee38a8ace3","10542004","1650530518","2022-04-21 08:41:58","0x89b65b383513cec62b53832b4f97d472e71ba126","0x72841fb0ed04b838c285027c9e1bb1b3ef98c156","","0","0","0","0.000103207501568754","0","","","","Vote",""
"0x8fd2c16d8b148587f15eb54a981843712ce505aec844f93179a196ad2650ae1c","10542005","1650530533","2022-04-21 08:42:13","0x89b65b383513cec62b53832b4f97d472e71ba126","0x72841fb0ed04b838c285027c9e1bb1b3ef98c156","","0","0","0","0.000061192500930126","0","","Error(0)","execution reverted","Vote",""
"0xa362c3d2f184d2935aa132a5b358b3c3ed3d6e6edf4d2d8b7a741e8064868c66","10542038","1650531028","2022-04-21 08:50:28","0x847c34b56c0203a193d3cd3b96b8915c044fffc7","0x72841fb0ed04b838c285027c9e1bb1b3ef98c156","","0","0","0","0.000248515007157232","0","","","","0xfe6b946e",""
"0xc8bc063bb63dc6365bec059d78bb1041e12bfabae0c1bc10af1cc3ce0d3863b9","10542044","1650531118","2022-04-21 08:51:58","0x65d037bc97cf290b6e16b5e472c3ee4e5cfb09d5","0x72841fb0ed04b838c285027c9e1bb1b3ef98c156","","0","0","0","0.000102582505006026","0","","","","Reject",""
"0xae30991673d65b023ca31f5ecf4138fc4ee4f8c3f5ed7f7b46bf2e495e61e8bf","10542073","1650531555","2022-04-21 08:59:15","0x847c34b56c0203a193d3cd3b96b8915c044fffc7","0x72841fb0ed04b838c285027c9e1bb1b3ef98c156","","0","0","0","0.000248365017683588","0","","","","0xfe6b946e",""
"0x4e6346fe8c8267f72b77754feae47c64046065a764329f9685e6765c46e8eba2","10542087","1650531770","2022-04-21 09:02:50","0x3db4fb4d91fec6ad9f983ca773bed2fc25102230","0x72841fb0ed04b838c285027c9e1bb1b3ef98c156","","0","0","0","0.000102582507755237","0","","","","Reject",""
"0x33eda2da082838df9a6d392b199e78fbe16113deb1d660ac9ade5fd7bd721c34","10542106","1650532055","2022-04-21 09:07:35","0x847c34b56c0203a193d3cd3b96b8915c044fffc7","0x72841fb0ed04b838c285027c9e1bb1b3ef98c156","","0","0","0","0.000248395019076736","0","","","","0xfe6b946e",""
"0xe889fa92159efc7d5174df300baa91d08774a70607f2bdc1dfa28a537d3b7e48","10542117","1650532220","2022-04-21 09:10:20","0x7ab9498762c16e4ea75d4dd4577756d011a426f6","0x72841fb0ed04b838c285027c9e1bb1b3ef98c156","","0","0","0","0.000102582510914778","0","","","","Reject",""
"0x83c04cbb228f648778587f8f1a7d9feec611255cf98c27dc25f0e938f62a346d","10542127","1650532370","2022-04-21 09:12:50","0x847c34b56c0203a193d3cd3b96b8915c044fffc7","0x72841fb0ed04b838c285027c9e1bb1b3ef98c156","","0","0","0","0.000248125030569","0","","","","0xfe6b946e",""
"0x1caa14703db2338a2c342e0f266a8c3411c87b10bef5f105b328d521711a30c9","10542135","1650532490","2022-04-21 09:14:50","0x50c2f1f9a70c6e3a8f70a6e931dbd0d1c0b9738a","0x72841fb0ed04b838c285027c9e1bb1b3ef98c156","","0","0","0","0.000103207510238184","0","","","","Vote",""
"0xf957945eb1587b8d2463a83fa771e59dd900626af1c944f61837d0fe1d9b5eb7","10542366","1650535964","2022-04-21 10:12:44","0x847c34b56c0203a193d3cd3b96b8915c044fffc7","0x72841fb0ed04b838c285027c9e1bb1b3ef98c156","","0","0","0","0.00024830501638813","0","","","","0xfe6b946e",""
"0xbd5f1da85b41aa406a347f037d5b094d3a96d73c0d6e952f32d1f54369f46eb4","10542373","1650536069","2022-04-21 10:14:29","0x4cee14ced3701a44ff3a4f7c74cdf7c2b1994e24","0x72841fb0ed04b838c285027c9e1bb1b3ef98c156","","0","0","0","0.000103177506438276","0","","","","Vote",""
"0x7d4e5d094f8b5c2aee4068bae7de38108fafca5d7e4cb262f5fab534caf5ddb7","10542482","1650537709","2022-04-21 10:41:49","0x847c34b56c0203a193d3cd3b96b8915c044fffc7","0x72841fb0ed04b838c285027c9e1bb1b3ef98c156","","0","0","0","0.000248455004273426","0","","","","0xfe6b946e",""
"0xe7732c3608c0311847acc13a71d14b30790c37836972076f8957d21fc330664c","10542493","1650537874","2022-04-21 10:44:34","0xbbf192388d708943835bb734d79d76d19c097491","0x72841fb0ed04b838c285027c9e1bb1b3ef98c156","","0","0","0","0.000103207501816452","0","","","","Vote",""
"0x18f9413bd16df43d19ef4f3e815793c0d430f14684a76a90f095922d92ed6d96","10542496","1650537919","2022-04-21 10:45:19","0x847c34b56c0203a193d3cd3b96b8915c044fffc7","0x72841fb0ed04b838c285027c9e1bb1b3ef98c156","","0","0","0","0.00024842500407417","0","","","","0xfe6b946e",""
"0x6dce2e9a54bd4c280de3aa3d98a5746400fb521f980556c32a233c1f583e3bec","10542502","1650538009","2022-04-21 10:46:49","0x847c34b56c0203a193d3cd3b96b8915c044fffc7","0x72841fb0ed04b838c285027c9e1bb1b3ef98c156","","0","0","0","0.000248395003378172","0","","","","0xfe6b946e",""
"0x657003c387098eab45cf40ea1070674ecef3f1ab1e20ca52e85c605884c8e8a8","10542511","1650538144","2022-04-21 10:49:04","0x8f34b44c2c513a5c65c50bfced8c881a76f0eb8a","0x72841fb0ed04b838c285027c9e1bb1b3ef98c156","","0","0","0","0.000102582501107891","0","","","","Reject",""
"0xf0b0fa177f61ae6987015621cd21c16aaafbf7affb3c245f6c6dfc43210907c1","10542512","1650538159","2022-04-21 10:49:19","0xab5a63ed8622a0fd0749f9b88d4a9c458744f52c","0x72841fb0ed04b838c285027c9e1bb1b3ef98c156","","0","0","0","0.000103207501073358","0","","","","Vote",""
"0x939df30cc6a0cd2cf4916c560751d441efa04d2250de227370649354bec82935","10542534","1650538489","2022-04-21 10:54:49","0x847c34b56c0203a193d3cd3b96b8915c044fffc7","0x72841fb0ed04b838c285027c9e1bb1b3ef98c156","","0","0","0","0.000248335002284682","0","","","","0xfe6b946e",""
